Experiment (#), Number of Slices (#), Objective, Solution Time (sec), Lambda (STDEV), QoS Constraints Removed
0,61,20.930625000000017,0.050999999978,7.105427357601002e-15
1,61,20.930625000000017,0.075999999885,7.105427357601002e-15
