Experiment (#), Number of Slices (#), Objective, Solution Time (sec), Lambda (STDEV), QoS Constraints Removed
0,42,9.922500000000001,0.030000000028,7.105427357601002e-15
1,42,9.922500000000001,0.032000000123,7.105427357601002e-15
