Experiment (#), Number of Slices (#), Objective, Solution Time (sec), Lambda (STDEV), QoS Constraints Removed
0,27,4.100625,0.024999999907,1.4210854715202004e-14
1,27,4.100625,0.024999999907,1.4210854715202004e-14
