Experiment (#), Number of Slices (#), Objective, Solution Time (sec), Lambda (STDEV), QoS Constraints Removed
0,54,16.40250000000002,0.054000000004,7.105427357601002e-15
1,54,16.40250000000002,0.05700000003,7.105427357601002e-15
