Experiment (#), Number of Slices (#), Objective, Solution Time (sec), Lambda (STDEV), QoS Constraints Removed
0,57,18.27562499999999,0.041999999899,3.552713678800501e-15
1,57,18.27562499999999,0.038999999873,3.552713678800501e-15
