Experiment (#), Number of Slices (#), Objective, Solution Time (sec), Lambda (STDEV), QoS Constraints Removed
0,51,14.630625000000009,0.033999999985,3.552713678800501e-15
1,51,14.630625000000009,0.03600000008,3.552713678800501e-15
