Experiment (#), Number of Slices (#), Objective, Solution Time (sec), Lambda (STDEV), QoS Constraints Removed
0,19,2.0306250000000006,0.023000000045,1.4210854715202004e-14
1,19,2.0306250000000006,0.09999999986,1.4210854715202004e-14
