Experiment (#), Number of Slices (#), Objective, Solution Time (sec), Lambda (STDEV), QoS Constraints Removed
0,29,4.730625,0.02500000014,1.4210854715202004e-14
1,29,4.730625,0.02500000014,1.4210854715202004e-14
