Experiment (#), Number of Slices (#), Objective, Solution Time (sec), Lambda (STDEV), QoS Constraints Removed
0,28,4.410000000000002,0.029000000097,2.1316282072803006e-14
1,28,4.410000000000002,0.028999999864,2.1316282072803006e-14
