Experiment (#), Number of Slices (#), Objective, Solution Time (sec), Lambda (STDEV), QoS Constraints Removed
0,47,12.425624999999995,0.033000000054,3.552713678800501e-15
1,47,12.425624999999995,0.034999999916,3.552713678800501e-15
