Experiment (#), Number of Slices (#), Objective, Solution Time (sec), Lambda (STDEV), QoS Constraints Removed
0,34,6.502500000000003,0.03600000008,7.105427357601002e-15
1,34,6.502500000000003,0.027999999933,7.105427357601002e-15
