Experiment (#), Number of Slices (#), Objective, Solution Time (sec), Lambda (STDEV), QoS Constraints Removed
0,7,0.275625,0.022000000114,2.842170943040401e-14
1,7,0.275625,0.021999999881,2.842170943040401e-14
