Experiment (#), Number of Slices (#), Objective, Solution Time (sec), Lambda (STDEV), QoS Constraints Removed
0,63,22.325625000000002,0.04700000002,3.552713678800501e-15
1,63,22.325625000000002,0.043999999994,3.552713678800501e-15
