Experiment (#), Number of Slices (#), Objective, Solution Time (sec), Lambda (STDEV), QoS Constraints Removed
0,43,10.400625000000007,0.032000000123,7.105427357601002e-15
1,43,10.400625000000007,0.030999999959,7.105427357601002e-15
