Experiment (#), Number of Slices (#), Objective, Solution Time (sec), Lambda (STDEV), QoS Constraints Removed
0,55,17.015624999999982,0.040999999968,7.105427357601002e-15
1,55,17.015624999999982,0.041999999899,7.105427357601002e-15
