Experiment (#), Number of Slices (#), Objective, Solution Time (sec), Lambda (STDEV), QoS Constraints Removed
0,23,2.975625,0.023999999976,2.1316282072803006e-14
1,23,2.975625,0.025999999838,2.1316282072803006e-14
