Experiment (#), Number of Slices (#), Objective, Solution Time (sec), Lambda (STDEV), QoS Constraints Removed
0,26,3.802500000000002,0.023999999976,7.105427357601002e-15
1,26,3.802500000000002,0.023999999976,7.105427357601002e-15
