Experiment (#), Number of Slices (#), Objective, Solution Time (sec), Lambda (STDEV), QoS Constraints Removed
0,21,2.4806250000000003,0.024999999907,2.842170943040401e-14
1,21,2.4806250000000003,0.02500000014,2.842170943040401e-14
