Experiment (#), Number of Slices (#), Objective, Solution Time (sec), Lambda (STDEV), QoS Constraints Removed
0,53,15.800625000000013,0.03600000008,7.105427357601002e-15
1,53,15.800625000000013,0.037000000011,7.105427357601002e-15
