Experiment (#), Number of Slices (#), Objective, Solution Time (sec), Lambda (STDEV), QoS Constraints Removed
0,37,7.700624999999997,0.027999999933,7.105427357601002e-15
1,37,7.700624999999997,0.030999999959,7.105427357601002e-15
