Experiment (#), Number of Slices (#), Objective, Solution Time (sec), Lambda (STDEV), QoS Constraints Removed
0,58,18.922500000000014,0.05299999984,3.552713678800501e-15
1,58,18.922500000000014,0.054000000004,3.552713678800501e-15
