Experiment (#), Number of Slices (#), Objective, Solution Time (sec), Lambda (STDEV), QoS Constraints Removed
0,10,4.347826087,0.10569999999,0.7810249675906655,0
0,10,4.347826087,0.10509999999,0.7810249675906655,0
