Experiment (#), Number of Slices (#), Objective, Solution Time (sec), Lambda (STDEV)
0,21,110.25,1.3411,7.197164502131954
1,21,110.25,1.3302,7.197164502131954
