Experiment (#), Number of Slices (#), Objective, Solution Time (sec), Lambda (STDEV)
0,2,1.0,0.014900000002,17.990000000000002
1,2,1.0,0.015200000002,17.990000000000002
