Experiment (#), Number of Slices (#), Objective, Solution Time (sec), Lambda (STDEV)
0,55,756.25,13.7887,2.793350427635288
1,55,756.25,13.8779,2.793350427635288
