Experiment (#), Number of Slices (#), Objective, Solution Time (sec), Lambda (STDEV)
0,20,100.00000412,0.6547,7.410320505889068
1,20,100.00000412,0.6434,7.410320505889068
