Experiment (#), Number of Slices (#), Objective, Solution Time (sec), Lambda (STDEV)
0,8,16.000000241,0.0867,11.800065677783323
1,8,16.000000241,0.087999999996,11.800065677783323
