Experiment (#), Number of Slices (#), Objective, Solution Time (sec), Lambda (STDEV)
0,13,42.250000009,0.3979,9.367788887408452
1,13,42.250000009,0.4016,9.367788887408452
