Experiment (#), Number of Slices (#), Objective, Solution Time (sec), Lambda (STDEV)
0,29,210.25,2.0828,5.802036933720914
1,29,210.25,2.0483,5.802036933720914
