Experiment (#), Number of Slices (#), Objective, Solution Time (sec), Lambda (STDEV)
0,3,2.25,0.019200000002,16.949350036702487
1,3,2.25,0.019,16.949350036702487
