Experiment (#), Number of Slices (#), Objective, Solution Time (sec), Lambda (STDEV), QoS Constraints Removed
0,9,0.455625,0.013100000011,0.0
1,9,0.455625,0.013099999982,0.0
2,9,0.455625,0.013999999996,0.0
3,9,0.455625,0.014399999985,0.0
4,9,0.455625,0.013500000001,0.0
5,9,0.455625,0.012999999977,0.0
6,9,0.455625,0.014200000005,0.0
7,9,0.455625,0.013800000015,0.0
8,9,0.455625,0.013099999982,0.0
9,9,0.455625,0.013299999991,0.0
