Experiment (#), Number of Slices (#), Objective, Solution Time (sec), Lambda (STDEV), QoS Constraints Removed
0,20,2.25,0.015799999994,0.0
1,20,2.25,0.017099999997,0.0
2,20,2.25,0.015699999989,0.0
3,20,2.25,0.016400000022,0.0
4,20,2.25,0.016700000007,0.0
5,20,2.25,0.015700000018,0.0
6,20,2.25,0.016399999993,0.0
7,20,2.25,0.016900000017,0.0
8,20,2.25,0.016699999978,0.0
9,20,2.25,0.016799999983,0.0
