Experiment (#), Number of Slices (#), Objective, Solution Time (sec), Lambda (STDEV), QoS Constraints Removed
0,10,0.5625,0.013199999987,0.0
1,10,0.5625,0.013600000006,0.0
2,10,0.5625,0.013399999996,0.0
3,10,0.5625,0.013200000016,0.0
4,10,0.5625,0.0147,0.0
5,10,0.5625,0.01370000001,0.0
6,10,0.5625,0.013899999991,0.0
7,10,0.5625,0.01449999999,0.0
8,10,0.5625,0.014200000005,0.0
9,10,0.5625,0.013299999991,0.0
