Experiment (#), Number of Slices (#), Objective, Solution Time (sec), Lambda (STDEV), QoS Constraints Removed
0,1,0.005625,0.01430000001,0.0
1,1,0.005625,0.012800000026,0.0
2,1,0.005625,0.013600000006,0.0
3,1,0.005625,0.012999999977,0.0
4,1,0.005625,0.012300000002,0.0
5,1,0.005625,0.012300000002,0.0
6,1,0.005625,0.013500000001,0.0
7,1,0.005625,0.013200000016,0.0
8,1,0.005625,0.012300000002,0.0
9,1,0.005625,0.012999999977,0.0
