Experiment (#), Number of Slices (#), Objective, Solution Time (sec), Lambda (STDEV), QoS Constraints Removed
0,44,10.89,0.0288,0.0
1,44,10.89,0.029100000014,0.0
2,44,10.89,0.02840000001,0.0
3,44,10.89,0.028300000005,0.0
4,44,10.89,0.029299999995,0.0
5,44,10.89,0.028399999981,0.0
6,44,10.89,0.027999999991,0.0
7,44,10.89,0.02919999999,0.0
8,44,10.89,0.029299999995,0.0
9,44,10.89,0.028500000015,0.0
