Experiment (#), Number of Slices (#), Objective, Solution Time (sec), Lambda (STDEV), QoS Constraints Removed
0,6,0.2025,0.014000000025,0.0
1,6,0.2025,0.013399999996,0.0
2,6,0.2025,0.012499999983,0.0
3,6,0.2025,0.012599999987,0.0
4,6,0.2025,0.012900000002,0.0
5,6,0.2025,0.012600000016,0.0
6,6,0.2025,0.013300000021,0.0
7,6,0.2025,0.013600000006,0.0
8,6,0.2025,0.012699999992,0.0
9,6,0.2025,0.013600000006,0.0
