Experiment (#), Number of Slices (#), Objective, Solution Time (sec), Lambda (STDEV), QoS Constraints Removed
0,64,23.04,0.049800000008,0.0
1,64,23.04,0.049900000013,0.0
2,64,23.04,0.050400000007,0.0
3,64,23.04,0.049800000008,0.0
4,64,23.04,0.049999999988,0.0
5,64,23.04,0.049499999994,0.0
6,64,23.04,0.049800000008,0.0
7,64,23.04,0.050199999998,0.0
8,64,23.04,0.050099999993,0.0
9,64,23.04,0.049299999984,0.0
