Experiment (#), Number of Slices (#), Objective, Solution Time (sec), Lambda (STDEV), QoS Constraints Removed
0,49,13.505625,0.032600000006,0.0
1,49,13.505625,0.032799999986,0.0
2,49,13.505625,0.033100000001,0.0
3,49,13.505625,0.032899999991,0.0
4,49,13.505625,0.032500000001,0.0
5,49,13.505625,0.032899999991,0.0
6,49,13.505625,0.033100000001,0.0
7,49,13.505625,0.033100000001,0.0
8,49,13.505625,0.032300000021,0.0
9,49,13.505625,0.032800000015,0.0
