Experiment (#), Number of Slices (#), Objective, Solution Time (sec), Lambda (STDEV), QoS Constraints Removed
0,40,9.0,0.025599999994,0.0
1,40,9.0,0.025500000018,0.0
2,40,9.0,0.025800000003,0.0
3,40,9.0,0.025999999983,0.0
4,40,9.0,0.025699999998,0.0
5,40,9.0,0.025499999989,0.0
6,40,9.0,0.025400000013,0.0
7,40,9.0,0.025599999994,0.0
8,40,9.0,0.025500000018,0.0
9,40,9.0,0.025699999998,0.0
