Experiment (#), Number of Slices (#), Objective, Solution Time (sec), Lambda (STDEV), QoS Constraints Removed
0,18,1.8225,0.016600000003,0.0
1,18,1.8225,0.015500000009,0.0
2,18,1.8225,0.016299999988,0.0
3,18,1.8225,0.016200000013,0.0
4,18,1.8225,0.015599999984,0.0
5,18,1.8225,0.015599999984,0.0
6,18,1.8225,0.016100000008,0.0
7,18,1.8225,0.015000000014,0.0
8,18,1.8225,0.015400000004,0.0
9,18,1.8225,0.015699999989,0.0
