Experiment (#), Number of Slices (#), Objective, Solution Time (sec), Lambda (STDEV), QoS Constraints Removed
0,41,9.455625,0.026500000007,0.0
1,41,9.455625,0.026400000002,0.0
2,41,9.455625,0.026899999997,0.0
3,41,9.455625,0.027000000002,0.0
4,41,9.455625,0.027099999978,0.0
5,41,9.455625,0.026899999997,0.0
6,41,9.455625,0.026799999992,0.0
7,41,9.455625,0.026299999998,0.0
8,41,9.455625,0.026299999998,0.0
9,41,9.455625,0.026099999988,0.0
