Experiment (#), Number of Slices (#), Objective, Solution Time (sec), Lambda (STDEV), QoS Constraints Removed
0,30,5.0625,0.019899999985,0.0
1,30,5.0625,0.0196,0.0
2,30,5.0625,0.020799999998,0.0
3,30,5.0625,0.020699999994,0.0
4,30,5.0625,0.020100000023,0.0
5,30,5.0625,0.0196,0.0
6,30,5.0625,0.019899999985,0.0
7,30,5.0625,0.01999999999,0.0
8,30,5.0625,0.019700000004,0.0
9,30,5.0625,0.01939999999,0.0
