Experiment (#), Number of Slices (#), Objective, Solution Time (sec), Lambda (STDEV), QoS Constraints Removed
0,39,8.555625,0.024799999985,0.0
1,39,8.555625,0.025800000003,0.0
2,39,8.555625,0.02469999998,0.0
3,39,8.555625,0.025299999979,0.0
4,39,8.555625,0.025099999999,0.0
5,39,8.555625,0.025499999989,0.0
6,39,8.555625,0.024899999989,0.0
7,39,8.555625,0.024700000009,0.0
8,39,8.555625,0.024899999989,0.0
9,39,8.555625,0.024799999985,0.0
