Experiment (#), Number of Slices (#), Objective, Solution Time (sec), Lambda (STDEV), QoS Constraints Removed
0,16,1.44,0.015400000004,0.0
1,16,1.44,0.015500000009,0.0
2,16,1.44,0.014999999985,0.0
3,16,1.44,0.014500000019,0.0
4,16,1.44,0.015600000013,0.0
5,16,1.44,0.015700000018,0.0
6,16,1.44,0.014599999995,0.0
7,16,1.44,0.015599999984,0.0
8,16,1.44,0.015799999994,0.0
9,16,1.44,0.0147,0.0
