Experiment (#), Number of Slices (#), Objective, Solution Time (sec), Lambda (STDEV), QoS Constraints Removed
0,3,0.050625,0.013399999996,0.0
1,3,0.050625,0.013200000016,0.0
2,3,0.050625,0.012300000002,0.0
3,3,0.050625,0.013599999977,0.0
4,3,0.050625,0.012799999997,0.0
5,3,0.050625,0.013599999977,0.0
6,3,0.050625,0.012699999992,0.0
7,3,0.050625,0.013800000015,0.0
8,3,0.050625,0.013500000001,0.0
9,3,0.050625,0.012400000007,0.0
