Experiment (#), Number of Slices (#), Objective, Solution Time (sec), Lambda (STDEV), QoS Constraints Removed
0,12,0.81,0.013600000006,0.0
1,12,0.81,0.01370000001,0.0
2,12,0.81,0.01509999999,0.0
3,12,0.81,0.0141,0.0
4,12,0.81,0.01430000001,0.0
5,12,0.81,0.0147,0.0
6,12,0.81,0.014800000004,0.0
7,12,0.81,0.013699999981,0.0
8,12,0.81,0.014399999985,0.0
9,12,0.81,0.0147,0.0
