Experiment (#), Number of Slices (#), Objective, Solution Time (sec), Lambda (STDEV), QoS Constraints Removed
0,59,19.580625,0.0429,0.0
1,59,19.580625,0.04250000001,0.0
2,59,19.580625,0.042799999996,0.0
3,59,19.580625,0.04310000001,0.0
4,59,19.580625,0.042599999986,0.0
5,59,19.580625,0.042600000015,0.0
6,59,19.580625,0.043000000005,0.0
7,59,19.580625,0.042600000015,0.0
8,59,19.580625,0.043000000005,0.0
9,59,19.580625,0.043399999995,0.0
