Experiment (#), Number of Slices (#), Objective, Solution Time (sec), Lambda (STDEV), QoS Constraints Removed
0,5,0.140625,0.013999999996,0.0
1,5,0.140625,0.013500000001,0.0
2,5,0.140625,0.012900000002,0.0
3,5,0.140625,0.012600000016,0.0
4,5,0.140625,0.012699999992,0.0
5,5,0.140625,0.013199999987,0.0
6,5,0.140625,0.013999999996,0.0
7,5,0.140625,0.013800000015,0.0
8,5,0.140625,0.013200000016,0.0
9,5,0.140625,0.012500000012,0.0
