Experiment (#), Number of Slices (#), Objective, Solution Time (sec), Lambda (STDEV), QoS Constraints Removed
0,50,14.0625,0.0337,0.0
1,50,14.0625,0.033800000005,0.0
2,50,14.0625,0.033900000009,0.0
3,50,14.0625,0.033999999985,0.0
4,50,14.0625,0.033800000005,0.0
5,50,14.0625,0.033800000005,0.0
6,50,14.0625,0.034100000019,0.0
7,50,14.0625,0.033599999995,0.0
8,50,14.0625,0.03350000002,0.0
9,50,14.0625,0.034100000019,0.0
