Experiment (#), Number of Slices (#), Objective, Solution Time (sec), Lambda (STDEV), QoS Constraints Removed
0,2,0.0225,0.012300000002,0.0
1,2,0.0225,0.012600000016,0.0
2,2,0.0225,0.012400000007,0.0
3,2,0.0225,0.012300000002,0.0
4,2,0.0225,0.012199999997,0.0
5,2,0.0225,0.013500000001,0.0
6,2,0.0225,0.012500000012,0.0
7,2,0.0225,0.013500000001,0.0
8,2,0.0225,0.012499999983,0.0
9,2,0.0225,0.013399999996,0.0
