Experiment (#), Number of Slices (#), Objective, Solution Time (sec), Lambda (STDEV), QoS Constraints Removed
0,33,6.125625,0.022200000007,0.0
1,33,6.125625,0.022300000011,0.0
2,33,6.125625,0.021800000017,0.0
3,33,6.125625,0.021699999983,0.0
4,33,6.125625,0.022200000007,0.0
5,33,6.125625,0.022800000006,0.0
6,33,6.125625,0.022800000006,0.0
7,33,6.125625,0.021799999988,0.0
8,33,6.125625,0.021899999992,0.0
9,33,6.125625,0.021600000007,0.0
