Experiment (#), Number of Slices (#), Objective, Solution Time (sec), Lambda (STDEV), QoS Constraints Removed
0,4,0.09,0.012900000002,0.0
1,4,0.09,0.013399999996,0.0
2,4,0.09,0.012900000002,0.0
3,4,0.09,0.013500000001,0.0
4,4,0.09,0.013299999991,0.0
5,4,0.09,0.012300000002,0.0
6,4,0.09,0.012700000021,0.0
7,4,0.09,0.013799999986,0.0
8,4,0.09,0.012500000012,0.0
9,4,0.09,0.013400000025,0.0
