Experiment (#), Number of Slices (#), Objective, Solution Time (sec), Lambda (STDEV), QoS Constraints Removed
0,36,7.29,0.022999999986,0.0
1,36,7.29,0.023999999976,0.0
2,36,7.29,0.023699999991,0.0
3,36,7.29,0.023000000016,0.0
4,36,7.29,0.02429999999,0.0
5,36,7.29,0.023099999991,0.0
6,36,7.29,0.023699999991,0.0
7,36,7.29,0.023000000016,0.0
8,36,7.29,0.022900000011,0.0
9,36,7.29,0.024000000005,0.0
