Experiment (#), Number of Slices (#), Objective, Solution Time (sec), Lambda (STDEV), QoS Constraints Removed
0,48,12.96,0.032500000001,0.0
1,48,12.96,0.031600000017,0.0
2,48,12.96,0.031599999988,0.0
3,48,12.96,0.032500000001,0.0
4,48,12.96,0.031699999992,0.0
5,48,12.96,0.031700000021,0.0
6,48,12.96,0.031600000017,0.0
7,48,12.96,0.032299999992,0.0
8,48,12.96,0.031599999988,0.0
9,48,12.96,0.032700000011,0.0
