Experiment (#), Number of Slices (#), Objective, Solution Time (sec), Lambda (STDEV), QoS Constraints Removed
0,25,3.515625,0.017699999997,0.0
1,25,3.515625,0.018500000006,0.0
2,25,3.515625,0.017400000012,0.0
3,25,3.515625,0.017899999977,0.0
4,25,3.515625,0.017900000006,0.0
5,25,3.515625,0.017300000007,0.0
6,25,3.515625,0.018299999996,0.0
7,25,3.515625,0.017400000012,0.0
8,25,3.515625,0.017400000012,0.0
9,25,3.515625,0.017299999978,0.0
