Experiment (#), Number of Slices (#), Objective, Solution Time (sec), Lambda (STDEV), QoS Constraints Removed
0,17,1.625625,0.015899999999,0.0
1,17,1.625625,0.015400000004,0.0
2,17,1.625625,0.0147,0.0
3,17,1.625625,0.015899999999,0.0
4,17,1.625625,0.016100000008,0.0
5,17,1.625625,0.014999999985,0.0
6,17,1.625625,0.016099999979,0.0
7,17,1.625625,0.015199999994,0.0
8,17,1.625625,0.014800000004,0.0
9,17,1.625625,0.015000000014,0.0
