Experiment (#), Number of Slices (#), Objective, Solution Time (sec), Lambda (STDEV), QoS Constraints Removed
0,15,1.265625,0.014200000005,0.0
1,15,1.265625,0.015699999989,0.0
2,15,1.265625,0.015699999989,0.0
3,15,1.265625,0.015899999999,0.0
4,15,1.265625,0.014599999995,0.0
5,15,1.265625,0.0141,0.0
6,15,1.265625,0.015599999984,0.0
7,15,1.265625,0.01430000001,0.0
8,15,1.265625,0.015699999989,0.0
9,15,1.265625,0.015600000013,0.0
