Experiment (#), Number of Slices (#), Objective, Solution Time (sec), Lambda (STDEV), QoS Constraints Removed
0,60,20.25,0.044800000003,0.0
1,60,20.25,0.044099999999,0.0
2,60,20.25,0.04429999998,0.0
3,60,20.25,0.043999999994,0.0
4,60,20.25,0.044099999999,0.0
5,60,20.25,0.04429999998,0.0
6,60,20.25,0.044599999994,0.0
7,60,20.25,0.043999999994,0.0
8,60,20.25,0.044200000004,0.0
9,60,20.25,0.044000000024,0.0
