Experiment (#), Number of Slices (#), Objective, Solution Time (sec), Lambda (STDEV), QoS Constraints Removed
0,24,3.24,0.016999999993,0.0
1,24,3.24,0.016900000017,0.0
2,24,3.24,0.017200000002,0.0
3,24,3.24,0.017500000016,0.0
4,24,3.24,0.017899999977,0.0
5,24,3.24,0.017400000012,0.0
6,24,3.24,0.017400000012,0.0
7,24,3.24,0.017399999982,0.0
8,24,3.24,0.01860000001,0.0
9,24,3.24,0.017899999977,0.0
