Experiment (#), Number of Slices (#), Objective, Solution Time (sec), Lambda (STDEV), QoS Constraints Removed
0,62,21.6225,0.046999999991,0.0
1,62,21.6225,0.046800000011,0.0
2,62,21.6225,0.046300000016,0.0
3,62,21.6225,0.046799999982,0.0
4,62,21.6225,0.046600000001,0.0
5,62,21.6225,0.046200000012,0.0
6,62,21.6225,0.046499999997,0.0
7,62,21.6225,0.046399999992,0.0
8,62,21.6225,0.046399999992,0.0
9,62,21.6225,0.047099999996,0.0
