Experiment (#), Number of Slices (#), Objective, Solution Time (sec), Lambda (STDEV), QoS Constraints Removed
0,45,11.390625,0.029299999995,0.0
1,45,11.390625,0.02919999999,0.0
2,45,11.390625,0.029399999999,0.0
3,45,11.390625,0.029399999999,0.0
4,45,11.390625,0.029999999999,0.0
5,45,11.390625,0.029799999989,0.0
6,45,11.390625,0.029399999999,0.0
7,45,11.390625,0.0288,0.0
8,45,11.390625,0.02919999999,0.0
9,45,11.390625,0.029200000019,0.0
