Experiment (#), Number of Slices (#), Objective, Solution Time (sec), Lambda (STDEV), QoS Constraints Removed
0,35,6.890625,0.022300000011,0.0
1,35,6.890625,0.022300000011,0.0
2,35,6.890625,0.023400000005,0.0
3,35,6.890625,0.02310000002,0.0
4,35,6.890625,0.022599999997,0.0
5,35,6.890625,0.022399999987,0.0
6,35,6.890625,0.022899999982,0.0
7,35,6.890625,0.022499999992,0.0
8,35,6.890625,0.022299999982,0.0
9,35,6.890625,0.022400000016,0.0
