Experiment (#), Number of Slices (#), Objective, Solution Time (sec), Lambda (STDEV), QoS Constraints Removed
0,8,0.36,0.013000000006,0.0
1,8,0.36,0.0141,0.0
2,8,0.36,0.013199999987,0.0
3,8,0.36,0.013500000001,0.0
4,8,0.36,0.013300000021,0.0
5,8,0.36,0.013000000006,0.0
6,8,0.36,0.013199999987,0.0
7,8,0.36,0.012900000002,0.0
8,8,0.36,0.013899999991,0.0
9,8,0.36,0.013500000001,0.0
