Experiment (#), Number of Slices (#), Objective, Solution Time (sec), Lambda (STDEV), QoS Constraints Removed
0,32,5.76,0.021199999988,0.0
1,32,5.76,0.021399999998,0.0
2,32,5.76,0.021100000013,0.0
3,32,5.76,0.021500000003,0.0
4,32,5.76,0.021799999988,0.0
5,32,5.76,0.022100000002,0.0
6,32,5.76,0.021199999988,0.0
7,32,5.76,0.021500000003,0.0
8,32,5.76,0.021700000012,0.0
9,32,5.76,0.021299999993,0.0
