Experiment (#), Number of Slices (#), Objective, Solution Time (sec), Lambda (STDEV), QoS Constraints Removed
0,19,90.25,1.1479,7.635803730777688,1
1,19,90.25,1.1593,7.635803730777688,1
2,19,90.25,1.1475,7.635803730777688,1
3,19,90.25,1.155,7.635803730777688,1
4,19,90.25,1.1503,7.635803730777688,1
5,19,90.25,1.1513,7.635803730777688,1
6,19,90.25,1.1484,7.635803730777688,1
7,19,90.25,1.1492,7.635803730777688,1
