Experiment (#), Number of Slices (#), Objective, Solution Time (sec), Lambda (STDEV), QoS Constraints Removed
0,11,30.25,0.2846,10.175383924773007,0
1,11,30.25,0.2853,10.175383924773007,0
2,11,30.25,0.2849,10.175383924773007,0
3,11,30.25,0.2849,10.175383924773007,0
4,11,30.25,0.2838,10.175383924773007,0
5,11,30.25,0.28499999999,10.175383924773007,0
6,11,30.25,0.2859,10.175383924773007,0
7,11,30.25,0.28520000001,10.175383924773007,0
