Experiment (#), Number of Slices (#), Objective, Solution Time (sec), Lambda (STDEV), QoS Constraints Removed
0,23,132.25,1.0758,6.802405501358687,1
1,23,132.25,1.0825,6.802405501358687,1
2,23,132.25,1.0783,6.802405501358687,1
3,23,132.25,1.0766,6.802405501358687,1
4,23,132.25,1.0796,6.802405501358687,1
5,23,132.25,1.0753,6.802405501358687,1
6,23,132.25,1.079,6.802405501358687,1
7,23,132.25,1.0795,6.802405501358687,1
