Experiment (#), Number of Slices (#), Objective, Solution Time (sec), Lambda (STDEV), QoS Constraints Removed
0,44,484.0,71.4636,3.924458429763545,9
1,44,484.0,71.514,3.924458429763545,9
2,44,484.0,71.4926,3.924458429763545,9
3,44,484.0,72.0584,3.924458429763545,9
4,44,484.0,71.456,3.924458429763545,9
5,44,484.0,71.4895,3.924458429763545,9
6,44,484.0,71.4854,3.924458429763545,9
7,44,484.0,71.532,3.924458429763545,9
