Experiment (#), Number of Slices (#), Objective, Solution Time (sec), Lambda (STDEV), QoS Constraints Removed
0,18,81.0,1.8097,7.8752756565511195,2
1,18,81.0,1.8031,7.8752756565511195,2
2,18,81.0,1.8054,7.8752756565511195,2
3,18,81.0,1.8031,7.8752756565511195,2
4,18,81.0,1.8093,7.8752756565511195,2
5,18,81.0,1.8125,7.8752756565511195,2
6,18,81.0,1.8032,7.8752756565511195,2
7,18,81.0,1.8114,7.8752756565511195,2
