Experiment (#), Number of Slices (#), Objective, Solution Time (sec), Lambda (STDEV), QoS Constraints Removed
0,5,6.25,0.092599999989,14.350003484320133,1
1,5,6.25,0.092599999989,14.350003484320133,1
2,5,6.25,0.093699999998,14.350003484320133,1
3,5,6.25,0.093099999998,14.350003484320133,1
4,5,6.25,0.093299999993,14.350003484320133,1
5,5,6.25,0.092600000004,14.350003484320133,1
6,5,6.25,0.093000000008,14.350003484320133,1
7,5,6.25,0.093200000003,14.350003484320133,1
