Experiment (#), Number of Slices (#), Objective, Solution Time (sec), Lambda (STDEV), QoS Constraints Removed
0,32,256.0,4.2756,5.373613774732977,0
1,32,256.0,4.2727,5.373613774732977,0
2,32,256.0,4.2766,5.373613774732977,0
3,32,256.0,4.2715,5.373613774732977,0
4,32,256.0,4.2699,5.373613774732977,0
5,32,256.0,4.2715,5.373613774732977,0
6,32,256.0,4.2723,5.373613774732977,0
7,32,256.0,4.2886,5.373613774732977,0
