Experiment (#), Number of Slices (#), Objective, Solution Time (sec), Lambda (STDEV), QoS Constraints Removed
0,10,25.0,0.1602,10.65002816897683,1
1,10,25.0,0.1597,10.65002816897683,1
2,10,25.0,0.1602,10.65002816897683,1
3,10,25.0,0.1612,10.65002816897683,1
4,10,25.0,0.1606,10.65002816897683,1
5,10,25.0,0.15979999999,10.65002816897683,1
6,10,25.0,0.15999999999,10.65002816897683,1
7,10,25.0,0.16039999999,10.65002816897683,1
