Experiment (#), Number of Slices (#), Objective, Solution Time (sec), Lambda (STDEV), QoS Constraints Removed
0,26,169.0,2.4528,6.273475438928588,0
1,26,169.0,2.4543,6.273475438928588,0
2,26,169.0,2.4523,6.273475438928588,0
3,26,169.0,2.4622,6.273475438928588,0
4,26,169.0,2.4545,6.273475438928588,0
5,26,169.0,2.4531,6.273475438928588,0
6,26,169.0,2.4513,6.273475438928588,0
7,26,169.0,2.4683,6.273475438928588,0
