Experiment (#), Number of Slices (#), Objective, Solution Time (sec), Lambda (STDEV), QoS Constraints Removed
0,22,121.0,1.7629,6.994927087445421,0
1,22,121.0,1.7666,6.994927087445421,0
2,22,121.0,1.7602,6.994927087445421,0
3,22,121.0,1.7651,6.994927087445421,0
4,22,121.0,1.7661,6.994927087445421,0
5,22,121.0,1.7619,6.994927087445421,0
6,22,121.0,1.7605,6.994927087445421,0
7,22,121.0,1.7644,6.994927087445421,0
