Experiment (#), Number of Slices (#), Objective, Solution Time (sec), Lambda (STDEV), QoS Constraints Removed
0,20,100.0,1.6704,7.410320505889068,0
1,20,100.0,1.6697,7.410320505889068,0
2,20,100.0,1.6679,7.410320505889068,0
3,20,100.0,1.6695,7.410320505889068,0
4,20,100.0,1.6713,7.410320505889068,0
5,20,100.0,1.6727,7.410320505889068,0
6,20,100.0,1.6764,7.410320505889068,0
7,20,100.0,1.6702,7.410320505889068,0
