Experiment (#), Number of Slices (#), Objective, Solution Time (sec), Lambda (STDEV), QoS Constraints Removed
0,29,210.25,3.0919,5.802036933720914,1
1,29,210.25,3.092,5.802036933720914,1
2,29,210.25,3.0932,5.802036933720914,1
3,29,210.25,3.0908,5.802036933720914,1
4,29,210.25,3.0978,5.802036933720914,1
5,29,210.25,3.0926,5.802036933720914,1
6,29,210.25,3.0905,5.802036933720914,1
7,29,210.25,3.0919,5.802036933720914,1
