Experiment (#), Number of Slices (#), Objective, Solution Time (sec), Lambda (STDEV), QoS Constraints Removed
0,3,2.25,0.040399999998,16.949350036702487,0
1,3,2.25,0.040899999993,16.949350036702487,0
2,3,2.25,0.040900000007,16.949350036702487,0
3,3,2.25,0.040699999998,16.949350036702487,0
4,3,2.25,0.040699999998,16.949350036702487,0
5,3,2.25,0.040600000008,16.949350036702487,0
6,3,2.25,0.041100000002,16.949350036702487,0
7,3,2.25,0.040500000003,16.949350036702487,0
