Experiment (#), Number of Slices (#), Objective, Solution Time (sec), Lambda (STDEV), QoS Constraints Removed
0,13,42.25,2.0851,9.367788887408452,1
1,13,42.25,2.0904,9.367788887408452,1
2,13,42.25,2.0779,9.367788887408452,1
3,13,42.25,2.0836,9.367788887408452,1
4,13,42.25,2.0933,9.367788887408452,1
5,13,42.25,2.0864,9.367788887408452,1
6,13,42.25,2.0788,9.367788887408452,1
7,13,42.25,2.0814,9.367788887408452,1
