Experiment (#), Number of Slices (#), Objective, Solution Time (sec), Lambda (STDEV), QoS Constraints Removed
0,9,20.25,0.2739,11.18645013695885,0
1,9,20.25,0.2767,11.18645013695885,0
2,9,20.25,0.2748,11.18645013695885,0
3,9,20.25,0.2738,11.18645013695885,0
4,9,20.25,0.27600000001,11.18645013695885,0
5,9,20.25,0.2741,11.18645013695885,0
6,9,20.25,0.2781,11.18645013695885,0
7,9,20.25,0.27560000001,11.18645013695885,0
