Experiment (#), Number of Slices (#), Objective, Solution Time (sec), Lambda (STDEV), QoS Constraints Removed
0,7,12.25,0.043300000005,12.511653669720097,1
1,7,12.25,0.043600000005,12.511653669720097,1
2,7,12.25,0.043699999995,12.511653669720097,1
3,7,12.25,0.0435,12.511653669720097,1
4,7,12.25,0.0435,12.511653669720097,1
5,7,12.25,0.043799999999,12.511653669720097,1
6,7,12.25,0.043799999999,12.511653669720097,1
7,7,12.25,0.043600000005,12.511653669720097,1
