Experiment (#), Number of Slices (#), Objective, Solution Time (sec), Lambda (STDEV), QoS Constraints Removed
0,4,4.0,0.052299999996,15.55381785929101,0
1,4,4.0,0.051999999996,15.55381785929101,0
2,4,4.0,0.051999999996,15.55381785929101,0
3,4,4.0,0.053200000009,15.55381785929101,0
4,4,4.0,0.052100000001,15.55381785929101,0
5,4,4.0,0.052100000001,15.55381785929101,0
6,4,4.0,0.052100000001,15.55381785929101,0
7,4,4.0,0.051600000006,15.55381785929101,0
