Experiment (#), Number of Slices (#), Objective, Solution Time (sec), Lambda (STDEV), QoS Constraints Removed
0,16,64.0,0.4396,8.404477973080779,0
1,16,64.0,0.4388,8.404477973080779,0
2,16,64.0,0.43890000001,8.404477973080779,0
3,16,64.0,0.4382,8.404477973080779,0
4,16,64.0,0.4388,8.404477973080779,0
5,16,64.0,0.4381,8.404477973080779,0
6,16,64.0,0.4393,8.404477973080779,0
7,16,64.0,0.4379,8.404477973080779,0
