Experiment (#), Number of Slices (#), Objective, Solution Time (sec), Lambda (STDEV), QoS Constraints Removed
0,25,156.25,2.411,6.4425150368470225,0
1,25,156.25,2.4144,6.4425150368470225,0
2,25,156.25,2.4149,6.4425150368470225,0
3,25,156.25,2.4252,6.4425150368470225,0
4,25,156.25,2.4135,6.4425150368470225,0
5,25,156.25,2.4106,6.4425150368470225,0
6,25,156.25,2.4137,6.4425150368470225,0
7,25,156.25,2.4127,6.4425150368470225,0
