Experiment (#), Number of Slices (#), Objective, Solution Time (sec), Lambda (STDEV), QoS Constraints Removed
0,27,182.25,1.8327,6.110768273211552,1
1,27,182.25,1.8315,6.110768273211552,1
2,27,182.25,1.8547,6.110768273211552,1
3,27,182.25,1.833,6.110768273211552,1
4,27,182.25,1.8314,6.110768273211552,1
5,27,182.25,1.8362,6.110768273211552,1
6,27,182.25,1.8348,6.110768273211552,1
7,27,182.25,1.8329,6.110768273211552,1
