Experiment (#), Number of Slices (#), Objective, Solution Time (sec), Lambda (STDEV)
0,30,225.0,0.039799999999,2.220446049250313e-16
1,30,225.0,0.039900000003,2.220446049250313e-16
