Experiment (#), Number of Slices (#), Objective, Solution Time (sec), Lambda (STDEV)
0,27,182.25,0.030599999998,4.440892098500626e-16
1,27,182.25,0.031300000002,4.440892098500626e-16
