Experiment (#), Number of Slices (#), Objective, Solution Time (sec), Lambda (STDEV)
0,46,529.0,0.083599999998,2.220446049250313e-16
1,46,529.0,0.084099999993,2.220446049250313e-16
