Experiment (#), Number of Slices (#), Objective, Solution Time (sec), Lambda (STDEV)
0,51,650.25,0.10430000001,2.220446049250313e-16
1,51,650.25,0.1047,2.220446049250313e-16
