Experiment (#), Number of Slices (#), Objective, Solution Time (sec), Lambda (STDEV)
0,39,380.25,0.060599999997,4.440892098500626e-16
1,39,380.25,0.062300000005,4.440892098500626e-16
