Experiment (#), Number of Slices (#), Objective, Solution Time (sec), Lambda (STDEV)
0,14,49.0,0.018100000001,4.440892098500626e-16
1,14,49.0,0.018799999991,4.440892098500626e-16
