Experiment (#), Number of Slices (#), Objective, Solution Time (sec), Lambda (STDEV)
0,62,961.0,0.21189999999,2.220446049250313e-16
1,62,961.0,0.2466,2.220446049250313e-16
