Experiment (#), Number of Slices (#), Objective, Solution Time (sec), Lambda (STDEV)
0,55,756.25,0.12480000001,1.1102230246251565e-16
1,55,756.25,0.15950000001,1.1102230246251565e-16
