Experiment (#), Number of Slices (#), Objective, Solution Time (sec), Lambda (STDEV)
0,20,100.0,0.0245,4.440892098500626e-16
1,20,100.0,0.024600000004,4.440892098500626e-16
