Experiment (#), Number of Slices (#), Objective, Solution Time (sec), Lambda (STDEV)
0,15,56.25,0.018800000005,4.440892098500626e-16
1,15,56.25,0.017900000006,4.440892098500626e-16
