Experiment (#), Number of Slices (#), Objective, Solution Time (sec), Lambda (STDEV)
0,42,441.0,0.070399999997,1.1102230246251565e-16
1,42,441.0,0.068899999998,1.1102230246251565e-16
