Experiment (#), Number of Slices (#), Objective, Solution Time (sec), Lambda (STDEV)
0,44,484.0,0.07680000001,1.1102230246251565e-16
1,44,484.0,0.075199999992,1.1102230246251565e-16
