Experiment (#), Number of Slices (#), Objective, Solution Time (sec), Lambda (STDEV)
0,47,552.25,0.087100000004,3.3306690738754696e-16
1,47,552.25,0.087400000004,3.3306690738754696e-16
