Experiment (#), Number of Slices (#), Objective, Solution Time (sec), Lambda (STDEV)
0,49,600.25,0.095300000001,1.1102230246251565e-16
1,49,600.25,0.095200000011,1.1102230246251565e-16
