Experiment (#), Number of Slices (#), Objective, Solution Time (sec), Lambda (STDEV)
0,23,132.25,0.0285,2.220446049250313e-16
1,23,132.25,0.028099999996,2.220446049250313e-16
