Experiment (#), Number of Slices (#), Objective, Solution Time (sec), Lambda (STDEV)
0,37,342.25,0.054799999998,3.3306690738754696e-16
1,37,342.25,0.056899999996,3.3306690738754696e-16
