Experiment (#), Number of Slices (#), Objective, Solution Time (sec), Lambda (STDEV)
0,19,90.25,0.025599999994,2.220446049250313e-16
1,19,90.25,0.026099999988,2.220446049250313e-16
