Experiment (#), Number of Slices (#), Objective, Solution Time (sec), Lambda (STDEV)
0,43,462.25,0.073999999993,1.1102230246251565e-16
1,43,462.25,0.073599999989,1.1102230246251565e-16
