Experiment (#), Number of Slices (#), Objective, Solution Time (sec), Lambda (STDEV)
0,35,306.25,0.049799999993,2.220446049250313e-16
1,35,306.25,0.050900000002,2.220446049250313e-16
