Experiment (#), Number of Slices (#), Objective, Solution Time (sec), Lambda (STDEV)
0,52,676.0,0.11099999999,1.1102230246251565e-16
1,52,676.0,0.1099,1.1102230246251565e-16
