Experiment (#), Number of Slices (#), Objective, Solution Time (sec), Lambda (STDEV)
0,45,506.25,0.081600000005,3.3306690738754696e-16
1,45,506.25,0.079999999987,3.3306690738754696e-16
