Experiment (#), Number of Slices (#), Objective, Solution Time (sec), Lambda (STDEV)
0,34,289.0,0.0484,2.220446049250313e-16
1,34,289.0,0.04879999999,2.220446049250313e-16
