Experiment (#), Number of Slices (#), Objective, Solution Time (sec), Lambda (STDEV)
0,60,900.0,0.151,1.1102230246251565e-16
1,60,900.0,0.14940000001,1.1102230246251565e-16
