Experiment (#), Number of Slices (#), Objective, Solution Time (sec), Lambda (STDEV)
0,63,992.25,0.22169999999,3.3306690738754696e-16
1,63,992.25,0.22260000001,3.3306690738754696e-16
