Experiment (#), Number of Slices (#), Objective, Solution Time (sec), Lambda (STDEV)
0,53,702.25,0.1159,2.220446049250313e-16
1,53,702.25,0.11339999999,2.220446049250313e-16
