Experiment (#), Number of Slices (#), Objective, Solution Time (sec), Lambda (STDEV)
0,22,121.0,0.027100000007,4.440892098500626e-16
1,22,121.0,0.028000000006,4.440892098500626e-16
