Experiment (#), Number of Slices (#), Objective, Solution Time (sec), Lambda (STDEV)
0,59,870.25,0.1459,1.1102230246251565e-16
1,59,870.25,0.14660000001,1.1102230246251565e-16
