Experiment (#), Number of Slices (#), Objective, Solution Time (sec), Lambda (STDEV)
0,61,930.25,0.18109999999,1.1102230246251565e-16
1,61,930.25,0.18000000001,1.1102230246251565e-16
