Experiment (#), Number of Slices (#), Objective, Solution Time (sec), Lambda (STDEV)
0,38,361.0,0.097099999999,1.1102230246251565e-16
1,38,361.0,0.059500000003,1.1102230246251565e-16
