Experiment (#), Number of Slices (#), Objective, Solution Time (sec), Lambda (STDEV)
0,31,240.25,0.041700000002,2.220446049250313e-16
1,31,240.25,0.042199999996,2.220446049250313e-16
