Experiment (#), Number of Slices (#), Objective, Solution Time (sec), Lambda (STDEV), QoS Constraints Removed
0,3,0.047093023256,0.012999999992,0.0
0,3,0.0052325581395,0.013900000005,0.0
0,3,0.047093023256,0.01400000001,0.0
0,3,0.0052325581395,0.012800000011,0.0
