Experiment (#), Number of Slices (#), Objective, Solution Time (sec), Lambda (STDEV), QoS Constraints Removed
0,2,0.020930232558,0.012499999997,0.0
0,2,0.0023255813953,0.012600000002,0.0
0,2,0.020930232558,0.013200000001,0.0
0,2,0.0023255813953,0.013500000001,0.0
