Experiment (#), Number of Slices (#), Objective, Solution Time (sec), Lambda (STDEV), QoS Constraints Removed
0,1,0.005625,0.013399999996,0.0
1,1,0.005625,0.012900000002,0.0
0,1,0.0052325581395,0.012800000011,0.0
1,1,0.0052325581395,0.014299999995,0.0
0,1,0.00058139534884,0.013099999996,0.0
1,1,0.00058139534884,0.014199999991,0.0
0,1,0.0052325581395,0.014500000005,0.0
0,1,0.0052325581395,0.012399999992,0.0
0,1,0.00058139534884,0.013199999987,0.0
