Experiment (#), Number of Slices (#), Objective, Solution Time (sec), Lambda (STDEV), QoS Constraints Removed
0,5,0.13081395349,0.013900000005,0.0
0,5,0.014534883721,0.013699999996,0.0
0,5,0.13081395349,0.012699999992,0.0
0,5,0.014534883721,0.013099999996,0.0
