Experiment (#), Number of Slices (#), Objective, Solution Time (sec), Lambda (STDEV), QoS Constraints Removed
0,4,0.083720930233,0.013800000001,0.0
0,4,0.0093023255814,0.013899999991,0.0
0,4,0.083720930233,0.012900000002,0.0
0,4,0.0093023255814,0.013299999991,0.0
