Experiment (#), Number of Slices (#), Objective, Solution Time (sec), Lambda (STDEV), QoS Constraints Removed
0,58,18.9225,0.041999999899,3.552713678800501e-15
1,58,18.9225,0.059999999823,3.552713678800501e-15
