Experiment (#), Number of Slices (#), Objective, Solution Time (sec), Lambda (STDEV), QoS Constraints Removed
0,42,9.9225,0.030999999959,7.105427357601002e-15
1,42,9.9225,0.030000000028,7.105427357601002e-15
