Experiment (#), Number of Slices (#), Objective, Solution Time (sec), Lambda (STDEV), QoS Constraints Removed
0,53,15.800625,0.037999999942,7.105427357601002e-15
1,53,15.800625,0.038000000175,7.105427357601002e-15
