Experiment (#), Number of Slices (#), Objective, Solution Time (sec), Lambda (STDEV), QoS Constraints Removed
0,23,2.975625,0.037000000011,2.1316282072803006e-14
1,23,2.975625,0.039000000106,2.1316282072803006e-14
