Experiment (#), Number of Slices (#), Objective, Solution Time (sec), Lambda (STDEV), QoS Constraints Removed
0,57,18.275625,0.047999999952,3.552713678800501e-15
1,57,18.275625,0.050999999978,3.552713678800501e-15
