Experiment (#), Number of Slices (#), Objective, Solution Time (sec), Lambda (STDEV), QoS Constraints Removed
0,26,3.8025,0.03199999989,7.105427357601002e-15
1,26,3.8025,0.030999999959,7.105427357601002e-15
