Experiment (#), Number of Slices (#), Objective, Solution Time (sec), Lambda (STDEV), QoS Constraints Removed
0,7,0.275625,0.023999999976,2.842170943040401e-14
1,7,0.275625,0.023000000045,2.842170943040401e-14
