Experiment (#), Number of Slices (#), Objective, Solution Time (sec), Lambda (STDEV), QoS Constraints Removed
0,56,17.64,0.042000000132,3.552713678800501e-15
1,56,17.64,0.040000000037,3.552713678800501e-15
