Experiment (#), Number of Slices (#), Objective, Solution Time (sec), Lambda (STDEV), QoS Constraints Removed
0,55,17.015625,0.042000000132,7.105427357601002e-15
1,55,17.015625,0.037999999942,7.105427357601002e-15
