Experiment (#), Number of Slices (#), Objective, Solution Time (sec), Lambda (STDEV), QoS Constraints Removed
0,54,16.4025,0.040000000037,7.105427357601002e-15
1,54,16.4025,0.037999999942,7.105427357601002e-15
