Experiment (#), Number of Slices (#), Objective, Solution Time (sec), Lambda (STDEV), QoS Constraints Removed
0,28,4.41,0.033999999985,2.1316282072803006e-14
1,28,4.41,0.027999999933,2.1316282072803006e-14
