Experiment (#), Number of Slices (#), Objective, Solution Time (sec), Lambda (STDEV), QoS Constraints Removed
0,47,12.425625,0.033000000054,3.552713678800501e-15
1,47,12.425625,0.070000000065,3.552713678800501e-15
