Experiment (#), Number of Slices (#), Objective, Solution Time (sec), Lambda (STDEV), QoS Constraints Removed
0,43,10.400625,0.030000000028,7.105427357601002e-15
1,43,10.400625,0.074000000022,7.105427357601002e-15
