Experiment (#), Number of Slices (#), Objective, Solution Time (sec), Lambda (STDEV), QoS Constraints Removed
0,19,2.030625,0.092000000179,1.4210854715202004e-14
1,19,2.030625,0.053000000073,1.4210854715202004e-14
