Experiment (#), Number of Slices (#), Objective, Solution Time (sec), Lambda (STDEV), QoS Constraints Removed
0,64,23.04,0.056000000099,0.0
1,64,23.04,0.047999999952,0.0
0,64,23.04,0.094000000041,0.0
1,64,23.04,0.04700000002,0.0
2,64,23.04,0.043999999994,0.0
3,64,23.04,0.04700000002,0.0
0,64,23.04,0.043000000063,0.0
1,64,23.04,0.045999999857,0.0
2,64,23.04,0.044999999925,0.0
3,64,23.04,0.045999999857,0.0
