Experiment (#), Number of Slices (#), Objective, Solution Time (sec), Lambda (STDEV), QoS Constraints Removed
0,61,20.930625,0.069000000134,7.105427357601002e-15
1,61,20.930625,0.054000000004,7.105427357601002e-15
