Experiment (#), Number of Slices (#), Objective, Solution Time (sec), Lambda (STDEV), QoS Constraints Removed
0,37,7.700625,0.027999999933,7.105427357601002e-15
1,37,7.700625,0.028000000166,7.105427357601002e-15
