Experiment (#), Number of Slices (#), Objective, Solution Time (sec), Lambda (STDEV), QoS Constraints Removed
0,22,2.7225,0.032000000123,1.4210854715202004e-14
1,22,2.7225,0.023999999976,1.4210854715202004e-14
