Experiment (#), Number of Slices (#), Objective, Solution Time (sec), Lambda (STDEV), QoS Constraints Removed
0,34,6.5025,0.027000000002,7.105427357601002e-15
1,34,6.5025,0.026000000071,7.105427357601002e-15
