Experiment (#), Number of Slices (#), Objective, Solution Time (sec), Lambda (STDEV), QoS Constraints Removed
0,38,8.1225,0.040999999968,7.105427357601002e-15
1,38,8.1225,0.037999999942,7.105427357601002e-15
