Experiment (#), Number of Slices (#), Objective, Solution Time (sec), Lambda (STDEV), QoS Constraints Removed
0,21,2.480625,0.023000000045,2.842170943040401e-14
1,21,2.480625,0.040000000037,2.842170943040401e-14
