Experiment (#), Number of Slices (#), Objective, Solution Time (sec), Lambda (STDEV), QoS Constraints Removed
0,13,0.950625,0.02099999995,2.842170943040401e-14
1,13,0.950625,0.028999999864,2.842170943040401e-14
