Experiment (#), Number of Slices (#), Objective, Solution Time (sec), Lambda (STDEV), QoS Constraints Removed
0,51,14.630625,0.03600000008,3.552713678800501e-15
1,51,14.630625,0.074000000022,3.552713678800501e-15
