Experiment (#), Number of Slices (#), Objective, Solution Time (sec), Lambda (STDEV), QoS Constraints Removed
0,6,0.2025,0.013199999987,0.0
1,6,0.2025,0.013099999982,0.0
2,6,0.2025,0.013100000011,0.0
3,6,0.2025,0.013199999987,0.0
4,6,0.2025,0.013100000011,0.0
5,6,0.2025,0.013199999987,0.0
6,6,0.2025,0.013100000011,0.0
7,6,0.2025,0.013200000016,0.0
8,6,0.2025,0.013200000016,0.0
9,6,0.2025,0.013299999991,0.0
