Experiment (#), Number of Slices (#), Objective, Solution Time (sec), Lambda (STDEV), QoS Constraints Removed
0,9,0.455625,0.025599999994,0.0
1,9,0.455625,0.025800000003,0.0
2,9,0.455625,0.025499999989,0.0
3,9,0.455625,0.025499999989,0.0
4,9,0.455625,0.025500000018,0.0
5,9,0.455625,0.025599999994,0.0
6,9,0.455625,0.025400000013,0.0
7,9,0.455625,0.025599999994,0.0
8,9,0.455625,0.025600000023,0.0
9,9,0.455625,0.025499999989,0.0
