Experiment (#), Number of Slices (#), Objective, Solution Time (sec), Lambda (STDEV), QoS Constraints Removed
0,20,2.25,0.20869999999,0.0
1,20,2.25,0.20939999999,0.0
2,20,2.25,0.20929999999,0.0
3,20,2.25,0.2089,0.0
4,20,2.25,0.20869999999,0.0
5,20,2.25,0.20919999998,0.0
6,20,2.25,0.2095,0.0
7,20,2.25,0.20929999999,0.0
8,20,2.25,0.20939999999,0.0
9,20,2.25,0.209,0.0
