Experiment (#), Number of Slices (#), Objective, Solution Time (sec), Lambda (STDEV), QoS Constraints Removed
0,45,11.390625,7.327,0.0
1,45,11.390625,7.3113,0.0
2,45,11.390625,7.3206,0.0
3,45,11.390625,7.3244,0.0
4,45,11.390625,7.3089,0.0
5,45,11.390625,7.3151,0.0
6,45,11.390625,7.3079,0.0
7,45,11.390625,7.3177,0.0
8,45,11.390625,7.3162,0.0
9,45,11.390625,7.3168,0.0
