Experiment (#), Number of Slices (#), Objective, Solution Time (sec), Lambda (STDEV), QoS Constraints Removed
0,2,0.0225,0.0099000000046,0.0
1,2,0.0225,0.010100000014,0.0
2,2,0.0225,0.010000000009,0.0
3,2,0.0225,0.010099999985,0.0
4,2,0.0225,0.010000000009,0.0
5,2,0.0225,0.010100000014,0.0
6,2,0.0225,0.0099999999802,0.0
7,2,0.0225,0.01019999999,0.0
8,2,0.0225,0.010000000009,0.0
9,2,0.0225,0.0099999999802,0.0
