Experiment (#), Number of Slices (#), Objective, Solution Time (sec), Lambda (STDEV), QoS Constraints Removed
0,10,0.5625,0.030900000012,0.0
1,10,0.5625,0.030999999988,0.0
2,10,0.5625,0.030900000012,0.0
3,10,0.5625,0.030799999979,0.0
4,10,0.5625,0.030800000008,0.0
5,10,0.5625,0.030900000012,0.0
6,10,0.5625,0.030800000008,0.0
7,10,0.5625,0.030900000012,0.0
8,10,0.5625,0.030900000012,0.0
9,10,0.5625,0.030899999983,0.0
