Experiment (#), Number of Slices (#), Objective, Solution Time (sec), Lambda (STDEV), QoS Constraints Removed
0,4,0.09,0.010600000009,0.0
1,4,0.09,0.010799999989,0.0
2,4,0.09,0.010700000013,0.0
3,4,0.09,0.010799999989,0.0
4,4,0.09,0.010700000013,0.0
5,4,0.09,0.010799999989,0.0
6,4,0.09,0.010799999989,0.0
7,4,0.09,0.010799999989,0.0
8,4,0.09,0.010899999994,0.0
9,4,0.09,0.010799999989,0.0
