Experiment (#), Number of Slices (#), Objective, Solution Time (sec), Lambda (STDEV), QoS Constraints Removed
0,24,3.24,0.47469999999,0.0
1,24,3.24,0.47469999999,0.0
2,24,3.24,0.47449999998,0.0
3,24,3.24,0.47529999999,0.0
4,24,3.24,0.4749,0.0
5,24,3.24,0.47470000002,0.0
6,24,3.24,0.47529999999,0.0
7,24,3.24,0.47520000002,0.0
8,24,3.24,0.47469999999,0.0
9,24,3.24,0.47519999999,0.0
