Experiment (#), Number of Slices (#), Objective, Solution Time (sec), Lambda (STDEV), QoS Constraints Removed
0,35,6.890625,2.2562,0.0
1,35,6.890625,2.2578,0.0
2,35,6.890625,2.2586,0.0
3,35,6.890625,2.2555,0.0
4,35,6.890625,2.2573,0.0
5,35,6.890625,2.2557,0.0
6,35,6.890625,2.2569,0.0
7,35,6.890625,2.2574,0.0
8,35,6.890625,2.2582,0.0
9,35,6.890625,2.2584,0.0
