Experiment (#), Number of Slices (#), Objective, Solution Time (sec), Lambda (STDEV), QoS Constraints Removed
0,5,0.140625,0.012099999993,0.0
1,5,0.140625,0.011899999983,0.0
2,5,0.140625,0.012000000017,0.0
3,5,0.140625,0.011999999988,0.0
4,5,0.140625,0.011999999988,0.0
5,5,0.140625,0.011800000007,0.0
6,5,0.140625,0.012100000022,0.0
7,5,0.140625,0.011900000012,0.0
8,5,0.140625,0.011900000012,0.0
9,5,0.140625,0.011900000012,0.0
