Experiment (#), Number of Slices (#), Objective, Solution Time (sec), Lambda (STDEV), QoS Constraints Removed
0,1,0.005625,0.0094000000099,0.0
1,1,0.005625,0.0092999999761,0.0
2,1,0.005625,0.0093000000052,0.0
3,1,0.005625,0.0092000000004,0.0
4,1,0.005625,0.0092000000004,0.0
5,1,0.005625,0.0092000000004,0.0
6,1,0.005625,0.0092000000004,0.0
7,1,0.005625,0.0092000000004,0.0
8,1,0.005625,0.0090999999957,0.0
9,1,0.005625,0.0093000000052,0.0
