Experiment (#), Number of Slices (#), Objective, Solution Time (sec), Lambda (STDEV), QoS Constraints Removed
0,39,8.555625,3.7241,0.0
1,39,8.555625,3.723,0.0
2,39,8.555625,3.7258,0.0
3,39,8.555625,3.7239,0.0
4,39,8.555625,3.7263,0.0
5,39,8.555625,3.729,0.0
6,39,8.555625,3.7243,0.0
7,39,8.555625,3.7254,0.0
8,39,8.555625,3.7214,0.0
9,39,8.555625,3.727,0.0
