Experiment (#), Number of Slices (#), Objective, Solution Time (sec), Lambda (STDEV), QoS Constraints Removed
0,8,0.36,0.01999999999,0.0
1,8,0.36,0.019900000014,0.0
2,8,0.36,0.019900000014,0.0
3,8,0.36,0.01999999999,0.0
4,8,0.36,0.019899999985,0.0
5,8,0.36,0.019899999985,0.0
6,8,0.36,0.01999999999,0.0
7,8,0.36,0.020100000023,0.0
8,8,0.36,0.01979999998,0.0
9,8,0.36,0.020099999994,0.0
