Experiment (#), Number of Slices (#), Objective, Solution Time (sec), Lambda (STDEV), QoS Constraints Removed
0,12,0.81,0.041200000007,0.0
1,12,0.81,0.041100000002,0.0
2,12,0.81,0.041299999983,0.0
3,12,0.81,0.041199999978,0.0
4,12,0.81,0.041299999983,0.0
5,12,0.81,0.041300000012,0.0
6,12,0.81,0.041399999987,0.0
7,12,0.81,0.041199999978,0.0
8,12,0.81,0.041199999978,0.0
9,12,0.81,0.041100000002,0.0
