Experiment (#), Number of Slices (#), Objective, Solution Time (sec), Lambda (STDEV), QoS Constraints Removed
0,41,9.455625,4.7068,0.0
1,41,9.455625,4.7078,0.0
2,41,9.455625,4.7062,0.0
3,41,9.455625,4.7084,0.0
4,41,9.455625,4.7113,0.0
5,41,9.455625,4.702,0.0
6,41,9.455625,4.7095,0.0
7,41,9.455625,4.7102,0.0
8,41,9.455625,4.7105,0.0
9,41,9.455625,4.7076,0.0
