Experiment (#), Number of Slices (#), Objective, Solution Time (sec), Lambda (STDEV), QoS Constraints Removed
0,49,13.505625,10.9539,0.0
1,49,13.505625,10.9715,0.0
2,49,13.505625,10.9618,0.0
3,49,13.505625,10.9662,0.0
4,49,13.505625,10.9587,0.0
5,49,13.505625,10.9569,0.0
6,49,13.505625,10.9666,0.0
7,49,13.505625,10.9586,0.0
8,49,13.505625,10.9591,0.0
9,49,13.505625,10.95,0.0
