Experiment (#), Number of Slices (#), Objective, Solution Time (sec), Lambda (STDEV), QoS Constraints Removed
0,15,1.265625,0.076000000001,0.0
1,15,1.265625,0.076000000001,0.0
2,15,1.265625,0.075899999996,0.0
3,15,1.265625,0.076299999986,0.0
4,15,1.265625,0.076000000001,0.0
5,15,1.265625,0.076100000006,0.0
6,15,1.265625,0.076299999986,0.0
7,15,1.265625,0.076100000006,0.0
8,15,1.265625,0.075899999996,0.0
9,15,1.265625,0.075999999972,0.0
