Experiment (#), Number of Slices (#), Objective, Solution Time (sec), Lambda (STDEV), QoS Constraints Removed
0,59,19.580625,26.7349,0.0
1,59,19.580625,26.7126,0.0
2,59,19.580625,26.7481,0.0
3,59,19.580625,26.7382,0.0
4,59,19.580625,26.7396,0.0
5,59,19.580625,26.7478,0.0
6,59,19.580625,26.7418,0.0
7,59,19.580625,26.6934,0.0
8,59,19.580625,26.731,0.0
9,59,19.580625,26.7111,0.0
