Experiment (#), Number of Slices (#), Objective, Solution Time (sec), Lambda (STDEV), QoS Constraints Removed
0,25,3.515625,0.56719999999,0.0
1,25,3.515625,0.5637,0.0
2,25,3.515625,0.56340000001,0.0
3,25,3.515625,0.56349999999,0.0
4,25,3.515625,0.56330000001,0.0
5,25,3.515625,0.56390000001,0.0
6,25,3.515625,0.56389999998,0.0
7,25,3.515625,0.56519999998,0.0
8,25,3.515625,0.5637,0.0
9,25,3.515625,0.56319999998,0.0
