Experiment (#), Number of Slices (#), Objective, Solution Time (sec), Lambda (STDEV), QoS Constraints Removed
0,3,0.050625,0.010000000009,0.0
1,3,0.050625,0.0099999999802,0.0
2,3,0.050625,0.010100000014,0.0
3,3,0.050625,0.010099999985,0.0
4,3,0.050625,0.010100000014,0.0
5,3,0.050625,0.0099999999802,0.0
6,3,0.050625,0.010000000009,0.0
7,3,0.050625,0.010000000009,0.0
8,3,0.050625,0.010100000014,0.0
9,3,0.050625,0.010000000009,0.0
