Experiment (#), Number of Slices (#), Objective, Solution Time (sec), Lambda (STDEV), QoS Constraints Removed
0,18,1.8225,0.1403,0.0
1,18,1.8225,0.14009999999,0.0
2,18,1.8225,0.14050000001,0.0
3,18,1.8225,0.1403,0.0
4,18,1.8225,0.14000000001,0.0
5,18,1.8225,0.1403,0.0
6,18,1.8225,0.14010000002,0.0
7,18,1.8225,0.14009999999,0.0
8,18,1.8225,0.13999999998,0.0
9,18,1.8225,0.14019999999,0.0
