Experiment (#), Number of Slices (#), Objective, Solution Time (sec), Lambda (STDEV), QoS Constraints Removed
0,16,1.44,0.093300000008,0.0
1,16,1.44,0.093599999993,0.0
2,16,1.44,0.093499999988,0.0
3,16,1.44,0.093399999983,0.0
4,16,1.44,0.093399999983,0.0
5,16,1.44,0.093599999993,0.0
6,16,1.44,0.093699999998,0.0
7,16,1.44,0.093299999979,0.0
8,16,1.44,0.093599999993,0.0
9,16,1.44,0.093300000008,0.0
