Experiment (#), Number of Slices (#), Objective, Solution Time (sec), Lambda (STDEV), QoS Constraints Removed
0,17,1.625625,0.1145,0.0
1,17,1.625625,0.11480000001,0.0
2,17,1.625625,0.1145,0.0
3,17,1.625625,0.11470000001,0.0
4,17,1.625625,0.11470000001,0.0
5,17,1.625625,0.11500000002,0.0
6,17,1.625625,0.1146,0.0
7,17,1.625625,0.11470000001,0.0
8,17,1.625625,0.1145,0.0
9,17,1.625625,0.11500000002,0.0
