Experiment (#), Number of Slices (#), Objective, Solution Time (sec), Lambda (STDEV), QoS Constraints Removed
0,3,0.65291584275,0.015199999994,4.08248290463863,0
0,3,0.65291584275,0.015000000014,4.08248290463863,0
