Experiment (#), Number of Slices (#), Objective, Solution Time (sec), Lambda (STDEV)
0,12,52.871340310170005,0.092799999999,9.750923887851176
1,12,52.871340310170005,0.0916,9.750923887851176
