Experiment (#), Number of Slices (#), Objective, Solution Time (sec), Lambda (STDEV)
0,36,429.8246787436,1.4899,4.852207401447991
1,36,429.8246787436,1.5335,4.852207401447991
