Experiment (#), Number of Slices (#), Objective, Solution Time (sec), Lambda (STDEV)
0,61,1274.6412986555001,7.2544,2.2155378962786476
1,61,1274.6412986555001,7.278,2.2155378962786476
