Experiment (#), Number of Slices (#), Objective, Solution Time (sec), Lambda (STDEV)
0,11,45.463804854370004,0.0772,10.175383924773007
1,11,45.463804854370004,0.075400000002,10.175383924773007
