Experiment (#), Number of Slices (#), Objective, Solution Time (sec), Lambda (STDEV)
0,62,1279.6142732366,7.071,2.121008487281875
1,62,1279.6142732366,7.0176,2.121008487281875
