Experiment (#), Number of Slices (#), Objective, Solution Time (sec), Lambda (STDEV)
0,55,894.6142319612999,5.1533,2.793350427635288
1,55,894.6142319612999,5.1036,2.793350427635288
