Experiment (#), Number of Slices (#), Objective, Solution Time (sec), Lambda (STDEV)
0,4,4.2600937623299995,0.021399999998,15.55381785929101
1,4,4.2600937623299995,0.020499999999,15.55381785929101
