Experiment (#), Number of Slices (#), Objective, Solution Time (sec), Lambda (STDEV)
0,10,50.93315000591,0.056299999997,10.65002816897683
1,10,50.93315000591,0.056400000001,10.65002816897683
