Experiment (#), Number of Slices (#), Objective, Solution Time (sec), Lambda (STDEV)
0,6,13.938441245299998,0.031900000002,13.349332068184784
1,6,13.938441245299998,0.031999999992,13.349332068184784
