Experiment (#), Number of Slices (#), Objective, Solution Time (sec), Lambda (STDEV)
0,17,72.575339801,0.2203,8.130711226694938
1,17,72.575339801,0.2205,8.130711226694938
