Experiment (#), Number of Slices (#), Objective, Solution Time (sec), Lambda (STDEV)
0,37,511.8731849922,1.6533,4.728948151639132
1,37,511.8731849922,1.6469,4.728948151639132
