Experiment (#), Number of Slices (#), Objective, Solution Time (sec), Lambda (STDEV)
0,40,549.6242757278001,2.4706,4.372910929804082
1,40,549.6242757278001,2.4348,4.372910929804082
