Experiment (#), Number of Slices (#), Objective, Solution Time (sec), Lambda (STDEV)
0,23,178.99712022250003,0.4197,6.802405501358687
1,23,178.99712022250003,0.42079999999,6.802405501358687
