Experiment (#), Number of Slices (#), Objective, Solution Time (sec), Lambda (STDEV)
0,54,959.9617295928998,5.0457,2.8917507192395098
1,54,959.9617295928998,5.1026,2.8917507192395098
