Experiment (#), Number of Slices (#), Objective, Solution Time (sec), Lambda (STDEV)
0,35,418.3739023307,1.4142,4.978073145796269
1,35,418.3739023307,1.401,4.978073145796269
