Experiment (#), Number of Slices (#), Objective, Solution Time (sec), Lambda (STDEV)
0,13,57.409449354900005,0.1057,9.367788887408452
1,13,57.409449354900005,0.1066,9.367788887408452
