Experiment (#), Number of Slices (#), Objective, Solution Time (sec), Lambda (STDEV)
0,16,70.2512112233,0.16440000001,8.404477973080779
1,16,70.2512112233,0.1661,8.404477973080779
