Experiment (#), Number of Slices (#), Objective, Solution Time (sec), Lambda (STDEV)
0,49,780.1905674032998,3.6194,3.39546822958569
1,49,780.1905674032998,3.6342,3.39546822958569
