Experiment (#), Number of Slices (#), Objective, Solution Time (sec), Lambda (STDEV)
0,24,167.2484873444,0.46770000001,6.61856605819317
1,24,167.2484873444,0.46969999999,6.61856605819317
