Experiment (#), Number of Slices (#), Objective, Solution Time (sec), Lambda (STDEV)
0,5,6.418133450600001,0.0245,14.350003484320133
1,5,6.418133450600001,0.023700000005,14.350003484320133
