Experiment (#), Number of Slices (#), Objective, Solution Time (sec), Lambda (STDEV)
0,57,1038.4434034537999,5.6753,2.5985028006855835
1,57,1038.4434034537999,5.6142,2.5985028006855835
