Experiment (#), Number of Slices (#), Objective, Solution Time (sec), Lambda (STDEV)
0,34,350.5902110397,1.2987,5.106764121475315
1,34,350.5902110397,1.2785,5.106764121475315
