Experiment (#), Number of Slices (#), Objective, Solution Time (sec), Lambda (STDEV)
0,9,22.544379711000005,0.062399999995,11.18645013695885
1,9,22.544379711000005,0.062000000005,11.18645013695885
