Experiment (#), Number of Slices (#), Objective, Solution Time (sec), Lambda (STDEV)
0,43,703.2375419653999,2.4898,4.034156103551329
1,43,703.2375419653999,2.4929,4.034156103551329
