Experiment (#), Number of Slices (#), Objective, Solution Time (sec), Lambda (STDEV)
0,39,537.7274736986001,2.1197,4.489472674103133
1,39,537.7274736986001,2.1309,4.489472674103133
