Experiment (#), Number of Slices (#), Objective, Solution Time (sec), Lambda (STDEV)
0,59,977.454100087,6.446,2.4059914560377935
1,59,977.454100087,6.4245,2.4059914560377935
