Experiment (#), Number of Slices (#), Objective, Solution Time (sec), Lambda (STDEV)
0,15,70.17591386690002,0.12180000001,8.699440595042114
1,15,70.17591386690002,0.11809999999,8.699440595042114
