Experiment (#), Number of Slices (#), Objective, Solution Time (sec), Lambda (STDEV)
0,29,233.60780939789996,0.88900000001,5.802036933720914
1,29,233.60780939789996,0.897,5.802036933720914
