Experiment (#), Number of Slices (#), Objective, Solution Time (sec), Lambda (STDEV)
0,51,837.9912294269999,4.242,3.1914199780591783
1,51,837.9912294269999,4.2671,3.1914199780591783
