Experiment (#), Number of Slices (#), Objective, Solution Time (sec), Lambda (STDEV)
0,45,795.9737093163002,2.9319,3.8161848313029423
1,45,795.9737093163002,2.9515,3.8161848313029423
