Experiment (#), Number of Slices (#), Objective, Solution Time (sec), Lambda (STDEV)
0,22,163.44450862969998,0.3827,6.994927087445421
1,22,163.44450862969998,0.3763,6.994927087445421
