Experiment (#), Number of Slices (#), Objective, Solution Time (sec), Lambda (STDEV)
0,44,684.9610929654,2.6047,3.924458429763545
1,44,684.9610929654,2.6125,3.924458429763545
