Experiment (#), Number of Slices (#), Objective, Solution Time (sec), Lambda (STDEV)
0,30,274.4011694579,0.9503,5.655021367480999
1,30,274.4011694579,0.95359999999,5.655021367480999
