Experiment (#), Number of Slices (#), Objective, Solution Time (sec), Lambda (STDEV)
0,60,1184.8454718460998,6.294,2.3105230288111533
1,60,1184.8454718460998,6.2588,2.3105230288111533
