Experiment (#), Number of Slices (#), Objective, Solution Time (sec), Lambda (STDEV)
0,20,103.8921725281,0.2882,7.410320505889068
1,20,103.8921725281,0.2896,7.410320505889068
