Experiment (#), Number of Slices (#), Objective, Solution Time (sec), Lambda (STDEV)
0,42,571.2794956477,2.5551,4.145384861054339
1,42,571.2794956477,2.5596,4.145384861054339
