Experiment (#), Number of Slices (#), Objective, Solution Time (sec), Lambda (STDEV)
0,33,413.52087225869997,1.2043,5.238521861629084
1,33,413.52087225869997,1.2155,5.238521861629084
