Experiment (#), Number of Slices (#), Objective, Solution Time (sec), Lambda (STDEV)
0,63,1335.3961812159998,7.3174,2.0269101178518847
1,63,1335.3961812159998,7.2782,2.0269101178518847
