Experiment (#), Number of Slices (#), Objective, Solution Time (sec), Lambda (STDEV)
0,64,1375.6996026794998,8.3369,1.9332210815113724
1,64,1375.6996026794998,8.0846,1.9332210815113724
