Experiment (#), Number of Slices (#), Objective, Solution Time (sec), Lambda (STDEV)
0,28,205.29920817389998,0.81490000001,5.9537973648105025
1,28,205.29920817389998,0.81580000001,5.9537973648105025
