Experiment (#), Number of Slices (#), Objective, Solution Time (sec), Lambda (STDEV)
0,56,1137.3240666983,5.4981,2.6956152983567025
1,56,1137.3240666983,5.4475,2.6956152983567025
