Experiment (#), Number of Slices (#), Objective, Solution Time (sec), Lambda (STDEV)
0,31,417.7829887516999,1.2192,5.512336745844158
1,31,417.7829887516999,1.2112,5.512336745844158
