Experiment (#), Number of Slices (#), Objective, Solution Time (sec), Lambda (STDEV)
0,27,232.18785368950003,0.74279999999,6.110768273211552
1,27,232.18785368950003,0.7466,6.110768273211552
