Experiment (#), Number of Slices (#), Objective, Solution Time (sec), Lambda (STDEV)
0,38,426.18955144800003,2.055,4.6080968124256
1,38,426.18955144800003,2.037,4.6080968124256
