Experiment (#), Number of Slices (#), Objective, Solution Time (sec), Lambda (STDEV)
0,19,91.89937409929999,0.29889999999,7.635803730777688
1,19,91.89937409929999,0.30160000001,7.635803730777688
