Experiment (#), Number of Slices (#), Objective, Solution Time (sec), Lambda (STDEV)
0,14,67.14389780810001,0.1093,9.019101045751146
1,14,67.14389780810001,0.10189999999,9.019101045751146
