Experiment (#), Number of Slices (#), Objective, Solution Time (sec), Lambda (STDEV)
0,2,1.00264116978,0.0141,17.990000000000002
1,2,1.00264116978,0.014900000009,17.990000000000002
