Experiment (#), Number of Slices (#), Objective, Solution Time (sec), Lambda (STDEV)
0,32,314.69719112640007,1.0829,5.373613774732977
1,32,314.69719112640007,1.0824,5.373613774732977
