Experiment (#), Number of Slices (#), Objective, Solution Time (sec), Lambda (STDEV)
0,8,19.79993533544,0.039900000003,11.800065677783323
1,8,19.79993533544,0.039300000004,11.800065677783323
