Experiment (#), Number of Slices (#), Objective, Solution Time (sec), Lambda (STDEV)
0,3,3.05278644319,0.016899999988,16.949350036702487
1,3,3.05278644319,0.016900000002,16.949350036702487
