Experiment (#), Number of Slices (#), Objective, Solution Time (sec), Lambda (STDEV)
0,26,177.22516092890004,0.74519999999,6.273475438928588
1,26,177.22516092890004,0.7463,6.273475438928588
