Experiment (#), Number of Slices (#), Objective, Solution Time (sec), Lambda (STDEV)
0,50,741.9574749052,3.16,3.292977376174941
1,50,741.9574749052,3.1788,3.292977376174941
