Experiment (#), Number of Slices (#), Objective, Solution Time (sec), Lambda (STDEV)
0,18,84.27565516870001,0.2259,7.8752756565511195
1,18,84.27565516870001,0.22809999999,7.8752756565511195
