Experiment (#), Number of Slices (#), Objective, Solution Time (sec), Lambda (STDEV)
0,47,672.1387452158,3.7242,3.603522897774478
1,47,672.1387452158,3.6861,3.603522897774478
