Experiment (#), Number of Slices (#), Objective, Solution Time (sec), Lambda (STDEV)
0,58,1027.5416781837998,6.4936,2.501973608607582
1,58,1027.5416781837998,6.4397,2.501973608607582
