Experiment (#), Number of Slices (#), Objective, Solution Time (sec), Lambda (STDEV)
0,41,573.2834599837,2.3887,4.258260963896512
1,41,573.2834599837,2.3885,4.258260963896512
