Experiment (#), Number of Slices (#), Objective, Solution Time (sec), Lambda (STDEV)
0,25,161.35177689040003,0.6192,6.4425150368470225
1,25,161.35177689040003,0.624,6.4425150368470225
