Experiment (#), Number of Slices (#), Objective, Solution Time (sec), Lambda (STDEV)
0,53,971.6154978051002,4.6205,2.9908620887924373
1,53,971.6154978051002,4.6188,2.9908620887924373
