Experiment (#), Number of Slices (#), Objective, Solution Time (sec), Lambda (STDEV)
0,48,746.7886011922,3.0008,3.498959369107716
1,48,746.7886011922,3.0043,3.498959369107716
