Experiment (#), Number of Slices (#), Objective, Solution Time (sec), Lambda (STDEV)
0,21,144.8244348727,0.33719999999,7.197164502131954
1,21,144.8244348727,0.3407,7.197164502131954
