Experiment (#), Number of Slices (#), Objective, Solution Time (sec), Lambda (STDEV)
0,52,957.1182080084999,4.1389,3.0907340523326363
1,52,957.1182080084999,4.1253,3.0907340523326363
