Experiment (#), Number of Slices (#), Objective, Solution Time (sec), Lambda (STDEV)
0,7,33.93797161868,0.033800000005,12.511653669720097
1,7,33.93797161868,0.031599999988,12.511653669720097
