Experiment (#), Number of Slices (#), Objective, Solution Time (sec), Lambda (STDEV)
0,46,717.1217351804999,3.6342,3.709236669851071
1,46,717.1217351804999,3.6813,3.709236669851071
