Experiment (#), Number of Slices (#), Objective, Solution Time (sec), Lambda (STDEV), QoS Constraints Removed
0,51,14.630625000010001,8.8374,3.552713678800501e-15
1,51,14.630625000010001,8.8533,3.552713678800501e-15
