Experiment (#), Number of Slices (#), Objective, Solution Time (sec), Lambda (STDEV), QoS Constraints Removed
0,28,4.41000000001,0.5504,2.1316282072803006e-14
1,28,4.41000000001,0.5504,2.1316282072803006e-14
