Experiment (#), Number of Slices (#), Objective, Solution Time (sec), Lambda (STDEV), QoS Constraints Removed
0,54,16.402499999990006,11.6608,7.105427357601002e-15
1,54,16.402499999990006,11.6754,7.105427357601002e-15
