Experiment (#), Number of Slices (#), Objective, Solution Time (sec), Lambda (STDEV), QoS Constraints Removed
0,19,2.0306250000099997,0.1146,1.4210854715202004e-14
1,19,2.0306250000099997,0.115,1.4210854715202004e-14
