Experiment (#), Number of Slices (#), Objective, Solution Time (sec), Lambda (STDEV), QoS Constraints Removed
0,14,1.1025000000010001,0.042699999998,1.4210854715202004e-14
1,14,1.1025000000010001,0.0429,1.4210854715202004e-14
