Experiment (#), Number of Slices (#), Objective, Solution Time (sec), Lambda (STDEV), QoS Constraints Removed
0,46,11.902500000039998,5.4186,3.552713678800501e-15
1,46,11.902500000039998,5.4062,3.552713678800501e-15
