Experiment (#), Number of Slices (#), Objective, Solution Time (sec), Lambda (STDEV), QoS Constraints Removed
0,52,15.209999999979997,9.6803,1.0658141036401503e-14
1,52,15.209999999979997,9.705,1.0658141036401503e-14
