Experiment (#), Number of Slices (#), Objective, Solution Time (sec), Lambda (STDEV), QoS Constraints Removed
0,53,15.800624999970005,10.6563,7.105427357601002e-15
1,53,15.800624999970005,10.6445,7.105427357601002e-15
