Experiment (#), Number of Slices (#), Objective, Solution Time (sec), Lambda (STDEV), QoS Constraints Removed
0,11,0.6806249999979999,0.023999999998,2.842170943040401e-14
1,11,0.6806249999979999,0.024100000002,2.842170943040401e-14
