Experiment (#), Number of Slices (#), Objective, Solution Time (sec), Lambda (STDEV), QoS Constraints Removed
0,31,5.405625000000002,0.8668,1.4210854715202004e-14
1,31,5.405625000000002,0.866,1.4210854715202004e-14
