Experiment (#), Number of Slices (#), Objective, Solution Time (sec), Lambda (STDEV), QoS Constraints Removed
0,57,18.275625000059993,15.158,3.552713678800501e-15
1,57,18.275625000059993,15.1553,3.552713678800501e-15
