Experiment (#), Number of Slices (#), Objective, Solution Time (sec), Lambda (STDEV), QoS Constraints Removed
0,63,22.325625000159995,24.5846,3.552713678800501e-15
1,63,22.325625000159995,24.558,3.552713678800501e-15
