Experiment (#), Number of Slices (#), Objective, Solution Time (sec), Lambda (STDEV), QoS Constraints Removed
0,29,4.73062500001,0.6473,1.4210854715202004e-14
1,29,4.73062500001,0.6453,1.4210854715202004e-14
