Experiment (#), Number of Slices (#), Objective, Solution Time (sec), Lambda (STDEV), QoS Constraints Removed
0,22,2.72249999999,0.2008,1.4210854715202004e-14
1,22,2.72249999999,0.2008,1.4210854715202004e-14
