Experiment (#), Number of Slices (#), Objective, Solution Time (sec), Lambda (STDEV), QoS Constraints Removed
0,23,2.97562500001,0.2422,2.1316282072803006e-14
1,23,2.97562500001,0.243,2.1316282072803006e-14
