Experiment (#), Number of Slices (#), Objective, Solution Time (sec), Lambda (STDEV), QoS Constraints Removed
0,7,0.27562499999900003,0.013299999999,2.842170943040401e-14
1,7,0.27562499999900003,0.013399999996,2.842170943040401e-14
