Experiment (#), Number of Slices (#), Objective, Solution Time (sec), Lambda (STDEV), QoS Constraints Removed
0,27,4.100624999990001,0.4704,1.4210854715202004e-14
1,27,4.100624999990001,0.4712,1.4210854715202004e-14
