Experiment (#), Number of Slices (#), Objective, Solution Time (sec), Lambda (STDEV), QoS Constraints Removed
0,43,10.400625000020003,3.9369,7.105427357601002e-15
1,43,10.400625000020003,3.9282,7.105427357601002e-15
