Experiment (#), Number of Slices (#), Objective, Solution Time (sec), Lambda (STDEV), QoS Constraints Removed
0,56,17.63999999994001,13.8779,3.552713678800501e-15
1,56,17.63999999994001,13.8917,3.552713678800501e-15
