Experiment (#), Number of Slices (#), Objective, Solution Time (sec), Lambda (STDEV), QoS Constraints Removed
0,61,20.930624999979987,20.938,7.105427357601002e-15
1,61,20.930624999979987,20.9817,7.105427357601002e-15
